{"cameraMode":{"drawMode":0,"name":"Shaded","section":"Shading Mode"},"sceneLighting":false,"audioPlay":false,"sceneViewState":{"m_AlwaysRefresh":false,"showFog":true,"showSkybox":false,"showFlares":true,"showImageEffects":true,"showParticleSystems":true,"showVisualEffectGraphs":true,"m_FxEnabled":true},"in2DMode":false,"pivot":{"x":13.424519538879395,"y":-9.92049789428711,"z":76.77090454101563},"rotation":{"x":0.08240466564893723,"y":-0.004484770819544792,"z":0.0003702887916006148,"w":0.996580958366394},"size":43.605342864990237,"orthographic":false}