{"cameraMode":{"drawMode":0,"name":"Shaded","section":"Shading Mode"},"sceneLighting":false,"audioPlay":false,"sceneViewState":{"m_AlwaysRefresh":false,"showFog":true,"showSkybox":false,"showFlares":true,"showImageEffects":true,"showParticleSystems":true,"showVisualEffectGraphs":true,"m_FxEnabled":true},"in2DMode":false,"pivot":{"x":-8.952103614807129,"y":1.9760921001434327,"z":10.132113456726075},"rotation":{"x":0.011257389560341835,"y":-0.7309773564338684,"z":0.012062201276421547,"w":0.6822038292884827},"size":2.8945939540863039,"orthographic":false}